URL,Price,Address,Bedrooms,Bathrooms,House_Size,Land_Size,Description
https://ikman.lk/en/ad/spacious-4-bedroom-house-for-sale-thalawathugoda-kalalgoda-for-sale-colombo-2,65000000,Thalawathugoda,4,4,"3,800.0 sqft",18.85 perches,"(SE1684)ğŸ¡âœ¨ Spacious 4-Bedroom House for Sale â€“ Thalawathugoda, Kalalgoda âœ¨ğŸ¡ğŸ’° Price: Rs. 65,000,000 â€“ 65 Million â€“ 650 Lakhs (Negotiable)ğŸ“ Location: Kalalgoda Weera Mawatha, ThalawathugodağŸ“ Size:Land: "
https://ikman.lk/en/ad/two-storey-house-for-sale-in-wellampitiya-for-sale-colombo-798,50000000,Adikaram Mawatha Wellampitiya,8,4,"4,000.0 sqft",10.5 perches,Three-Storey House for Sale in Wellampitiya. AA 645Location - Adikaram Mawathaâœ“ 10.5 Perchesâœ“ 8 Bedroomsâœ“ 4 Bathroomsâœ“ 3 Storey House with 4 Unitsâœ“ 500m Distance to Wellampitiya Avissawellaâœ“ Clear Doc
https://ikman.lk/en/ad/brand-new-stylish-modern-luxury-house-kesbewa-for-sale-colombo,39800000,Kesbewa Polduwa,4,3,"2,500.0 sqft",10.0 perches,Brand-New Stylish Modern Luxury House Kesbewa Polduwa* Single Storied House With a Roof-Top* 10 p* 2500 SQFT* 4 Bedrooms* 3 Bathrooms ( Hot-Water )* 1 Servant Toilet* Wooden Deck Connecting to a Secon
https://ikman.lk/en/ad/house-with-studio-type-annex-walking-distance-to-parliament-rd-kotte-for-sale-colombo,85000000,"Close to Sri Jayawardhanapura Mawatha, Kotte",4,3,"3,600.0 sqft",16.0 perches,"ETHUL KOTTE, Just Next to PARLIAMENT ROADWell Maintained Two Storied Spacious House with Studio Model Annex - Walking Distance to  Parliament RoadArchitecturally designed two storied house consists of"
https://ikman.lk/en/ad/almost-brand-new-house-for-sale-athurugiriya-for-sale-colombo,29500000,Athurugiriya,4,3,"2,506.0 sqft",6.18 perches,"Almost Brand-New House For Sale From AthurugiriyaAddress: AthurugiriyaBedrooms: 4Bathrooms: 3House size: 2,506.0 sqftLand size: 6.2 perchesDescription* House is facing to a 20 feet Access Road* Built "
https://ikman.lk/en/ad/af276-brand-new-02-story-house-with-07-p-sale-at-moratuwa-for-sale-colombo,26000000,Near OLV Convert Moratuwa,3,3,"2,000.0 sqft",7.0 perches,Brand New 02 Story House With 07 P Sale At Near OLV Convert MoratuwağŸ§¿07 PğŸ§¿2000 Sq.FtğŸ§¿The lane is a 12 Feet lane.ğŸ§¿03 Bed Room 03 Bath RoomğŸ§¿The land is 07 perches.ğŸ§¿Upstairs03 bedroomsğŸ§¿2 bathrooms one ba
https://ikman.lk/en/ad/two-storey-house-for-sale-in-wellampitiya-for-sale-colombo-791,14500000,Temple Road Buthgamuwa,4,3,"1,500.0 sqft",5.0 perches,"Two Story House for Sale in Wellampitiya. AA 278Location - Temple Road, Buthgamuwaâœ“ 2 Story House with 2 Unitsâœ“ 5 Perchesâœ“ 4 Bedroomsâœ“ 3 Bathrooms ( 1 attached and 2 common)âœ“ Clear Documentsâœ“ Upstairs"
https://ikman.lk/en/ad/s1329-single-storey-house-for-sale-in-madiwela-kotte-for-sale-colombo-1,49000000,Madiwela,3,1,"2,100.0 sqft",13.8 perches,"ï¿­ Peaceful surrounding, Exclusive Neighborhoodï¿­ 20Ft Wide RoadğŸŸ© Property Featuresâ­•ï¸ 03 bedroomsâ­•ï¸ 01 bathroomsâ­•ï¸ Living areaâ­•ï¸ Dining areaâ­•ï¸ TV Lobbyâ­•ï¸ Kitchen with PantryğŸŸ© Amenitiesâ­•ï¸ Tiled Floorsâ­•ï¸ "
https://ikman.lk/en/ad/single-storey-house-for-sale-madinnagoda-ds5518-for-sale-colombo,43000000,Rajagiriya Madinnagoda,3,2,"2,800.0 sqft",19.0 perches,Single story house .Land 19 pechers .House 2800 Sqft .3 bedrooms 2  bathrooms 1 kitchen .living and dinning area .location madinnagoda . To rajagiriya main town 1700 M .per perche  price 28.5 LkS.pric
https://ikman.lk/en/ad/under-construction-house-for-sale-in-mellawagedara-p4-for-sale-colombo,19500000,Mellawagedara,3,2,"3,403.0 sqft",12.5 perches,ğŸ•ï¸à¶´à¶±à·Šà¶±à¶½ - à¶¸à·à¶½à·Šà¶½à·€à¶œà·™à¶¯à¶» à¶´à·Šâ€à¶»à¶°à·à¶± à¶´à·à¶»à·™à¶±à·Š à¶…à¶‚à¶œ à·ƒà¶¸à·Šà¶´à·–à¶»à·Šà¶« à¶±à·€à·“à¶± à¶¯à·™à¶¸à·„à¶½à·Š à¶±à·’à·€à·ƒà¶š à·„à·’à¶¸à·’à¶šà¶»à·”à·€à·™à¶šà·” à·€à¶±à·Šà¶±à¶´à·œà¶½à·“ à¶»à·„à·’à¶­ à¶¸à·à·ƒà·’à¶š à¶œà·™à·€à·“à¶¸à·Š à¶šà·Šâ€à¶»à¶¸ à·ƒà¶¸à¶Ÿ à¶”à¶¶à·š à¶±à·’à·€à·à·ƒ à·ƒà·’à·„à·’à¶±à¶º à·ƒà·à¶¶à·‘à·€à¶šà·Š à¶šà¶»à¶œà¶±à·Šà¶±ğŸ‘‰Price: 19.5 Million RupeesğŸ‘‰1.9 Million Discount for 
https://ikman.lk/en/ad/modern-family-haven-athurugiriya-for-sale-colombo-3,24000000,Athurugiriya,3,2,"1,250.0 sqft",6.7 perches,"(PR1553)ğŸ¡ Brand-New 3BR House for Sale â€“ Galwarusa, Athurugiriya ğŸŒ¿âœ¨ğŸ“ Location: Galwarusa Road, Athurugiriya â€“ 3 km to Athurugiriya TownğŸ’° Price: Rs. 2,400,000 â€“ 24 Million â€“ 240 LakhsğŸ“ Land Size: 6.7 P"
https://ikman.lk/en/ad/af285-2-story-house-at-thalawathugoda-kalalgoda-road-for-sale-colombo,135000000,"Thalawathugoda, Kalalgoda road,",4,3,"3,000.0 sqft",50.2 perches,"Thalawathugoda, Kalalgoda road, 50.2 perches land with Architect designed 2 story house.ğŸš§3000 sqft built on a solid land in a higher elevation. No threats of floods.ğŸš§20 feet roadğŸš§4 Bedrooms (All AC) &"
https://ikman.lk/en/ad/jlgaeliim-rhit-prdeeshyk-alutm-pvul-nivs-kortott-for-sale-colombo-1,19500000,,3,2,"2,100.0 sqft",7.0 perches,ğŸ¡âœ¨ Modern Newlyâ€“Built House for Sale â€“ Korathota (Kongahawatta Road)â­•ï¸ 100% Flood-Free Area â­•ï¸âœ¨ Completed & Ready to Move In âœ¨Deepthi TharakağŸ”¹ Property DetailsğŸ“ Colombo DistrictğŸ“ 7 PerchesğŸ›ï¸ 03 Bedroo
https://ikman.lk/en/ad/elegant-fully-furnished-family-home-in-kalalgoda-for-sale-colombo,87000000,Thalawathugoda,4,4,"4,516.0 sqft",9.8 perches,"(SE1394) ğŸ¡ Fully Furnished Modern Luxury House for Sale in Kalalgoda, Thalawathugodaâœ¨ A Rare Gem in a Prestigious Neighborhood â€“ Just Move In and Start Living!Presenting a stunning 4-bedroom, 5-bathro"
https://ikman.lk/en/ad/new-designed-brand-house-in-malabe-for-sale-colombo-13,38500000,Malabe,4,4,"2,600.0 sqft",7.5 perches,Brand New Luxury Two Storied House Sale Malabe7.5 Perches & 2600 SQ Ft20 Ft Road4 Bedrooms3 BathroomsServant Bathroom & RoomModern PantrySpacious Living / DiningBalconiesPipe Born Water / Electricity2
https://ikman.lk/en/ad/ip434-architectural-design-super-luxury-house-for-sale-for-sale-colombo,200000000,Heart of Nugegoda Main Road Facing,8,6,"8,000.0 sqft",26.0 perches,ğŸ’šArchitectural Design Super Luxury House for Sale in Heart of Nugegoda Main Road FacingğŸ’šArchitectural Design Super Luxury House in Heart of Nugegoda's most demanded prime residential neighborhoods wit
https://ikman.lk/en/ad/brand-new-modern-two-storied-house-for-sale-athurugiriya-for-sale-colombo,35000000,Athurugiriya,3,3,"1,300.0 sqft",6.8 perches,"Brand New Modern Two storied house for sale athurugiriya .3 bed room,2 attached bath room and one common bath room.solar power.if need can arrange store room,servent toilet and wet kitchen ,servent ro"
https://ikman.lk/en/ad/single-storey-house-for-sale-in-colombo-09-for-sale-colombo-45,77500000,Veluwana Place Dematagoda,3,1,"1,800.0 sqft",10.18 perches,Single Storey Old House for Sale in Colombo 09. AA 1102Location - Veluvana Place Dematagodaâœ“ 10.18 Perchesâœ“ 3 Bedroomsâœ“ 1 Bathroomâœ“ Highly Residential areaâœ“ Parkig facilities availableâœ“ Clear Document
https://ikman.lk/en/ad/af79-single-storey-house-for-sale-in-maharagama-for-sale-colombo,46000000,Wategedra Road Maharagama,3,2,"2,000.0 sqft",13.0 perches,13 P With 03 Beds 02 Bath Single Story house for sale in Wategedra Road MaharagamağŸ’šLand extent is 13 purchase.03 Bed Room 02 Bath RoomLiving / Dining / PantryWet Kitchen/ Servent Bath Room / Store  Ro
https://ikman.lk/en/ad/brand-new-two-story-house-for-sale-boralasgamuwa-for-sale-colombo-69,52500000,Boralasgamuwa Bokundara Maharagama rd,4,3,"2,750.0 sqft",10.0 perches,200m to Bokundara Maharagama rd2km to Bokundara junction20ft Rd Facing Super House10.perch landBrand new Two Story HouseModern Architecture Design HouseStandard Materials and fittings4.bedroom 3.bathr
https://ikman.lk/en/ad/af466-house-for-sale-at-pagod-road-stanly-thilakarathna-mw-nugegoda-for-sale-colombo,270000000,"pagod road, Stanly thilakarathna mw ,",5,5,"9,000.0 sqft",30.0 perches,"( Access from pagod road, Stanly thilakarathna mw)ğŸ’šfloor area excluding rooftop balcony 9000 sq.ftğŸ’šrooftop balcony over 600 sq.ftğŸ’šfully landscaped gardenğŸ’šblack kumbuk timber floor.ğŸ’š5 large bedrooms wi"
https://ikman.lk/en/ad/modern-luxury-2-story-house-for-sale-boralesgamuwa-for-sale-colombo-81,55000000,Boralasgamuwa,4,3,"3,200.0 sqft",13.0 perches,"(SE1614)âœ¨ğŸ¡ Modern Luxury 2-Story House for Sale â€“ Boralesgamuwa ğŸ¡âœ¨ğŸ’° Price: Rs. 55,000,000 â€“ 55 Million â€“ 550 Lakhs (Negotiable)ğŸ  Property Type: HouseğŸ“ Location: Gangarama RD, BoralesgamuwağŸ“ Size: 13 P"
https://ikman.lk/en/ad/03-storied-luxury-house-for-sale-kahathuduwa-for-sale-colombo-1,39000000,Kahathuduwa,6,5,"4,100.0 sqft",7.0 perches,â€¢ 6 bed roomsâ€¢ 5 bath roomsâ€¢ Private balcony for roomsâ€¢ Two separate parking slots and two roller doorâ€¢ separate electricity and water meterâ€¢ Hot water and Air conditionsâ€¢ Tv lobbyâ€¢ Two kitchen and pa
https://ikman.lk/en/ad/nsb-brand-new-super-luxury-house-for-sale-in-thalawathugoda-for-sale-colombo,39000000,Hokandara  city,4,3,"3,200.0 sqft",6.2 perches,BRAND  NEW   LUXURY  HOUSE  FOR SALE IN  TALAWATUGODA  HOKANDARAà¶‹à·ƒà·Š  à¶¶à·’à¶¸à·Š à¶´à·”à¶¯à·šà·à¶ºà¶šà·’  à¶†à¶´à¶¯à· à¶±à·œà¶¸à·à¶­__________________________________________PRICE  laks  390  Million  3920 FEET  WIDE ACCESS ROAD__________
https://ikman.lk/en/ad/battaramulla-4-a-c-br-157p-luxury-house-for-sale-at-kowatta-for-sale-colombo,60000000,"Kelsey Homes, Walpola road,pelatino hill Aggona, Koswatta",4,3,"3,700.0 sqft",15.7 perches,"Code : SMSM 207( Please Mention this code number when you are  calling to us)(à¶¸à·™à¶¸ à¶¯à·šà¶´à·… à¶œà·à¶± à¶œà·à¶± à·€à·à¶©à·’à¶¯à·”à¶» à·€à·’à·ƒà·Šà¶­à¶» à¶¯à·à¶±à¶œà·à¶±à·“à¶¸à¶§ à¶…à¶´à¶§ à¶šà¶­à· à¶šà¶»à¶± à·€à·’à¶§, à¶‰à·„à¶­ à·ƒà¶³à·„à¶±à·Š à¶šà·à¶©à·Š à¶‘à¶š, à¶…à¶´ à·€à·™à¶­ à¶´à·€à·ƒà¶±à·Šà¶±.)Two story, Four bedrooms with"
https://ikman.lk/en/ad/two-story-house-for-sale-in-boralasgamuwa-for-sale-colombo-8,42500000,Gangarama Road Boralesgamuwa,6,3,"2,793.0 sqft",15.0 perches,"Property Overview:Location: Gangarama Road, Werahera, Boralesgamuwa.Price: LKR 42,500,000 (Negotiable)Bedrooms: 6Bathrooms: 3House Size: 2,793.75 sqftLand Size: 15.0 perchesKey Features:Two-storey hou"
https://ikman.lk/en/ad/af486-13-p-with-single-story-house-sale-at-thalawathugoda-for-sale-colombo,35750000,Dharmapala Mawatha Thalawathugoda,3,2,"1,800.0 sqft",13.0 perches,13 P with Single Story House Sale At Dharmapala Mawatha ThalawathugodağŸ›µ13 perchesğŸ›µ1800 Sq.ftğŸ›µ3 Bed RoomğŸ›µ2 Bath RoomğŸ›µLiving / Dining /Pantry With Kitchen Etc â€¦ğŸ›µSingle Story  house.ğŸ›µNot occupied for 9 m
https://ikman.lk/en/ad/brand-new-two-storey-house-in-malabe-for-sale-colombo-7,34500000,Malabe,3,3,"2,100.0 sqft",7.0 perches,"(PR1586)Brand New Two-Storey House in MalabeğŸ’° Price: Rs. 34,500,000 â€“ 34.5 Million â€“ 345 Lakhs (Negotiable)ğŸ’° Price: Contact for Price â€“ NegotiableğŸ  Property Type: House (Luxury Two-Storey)ğŸ“ Location: "
https://ikman.lk/en/ad/luxury-2-storey-house-for-sale-in-colombo-7-for-sale-colombo,230000000,,4,4,"4,240.0 sqft",10.0 perches,"â–¡ 500m to BMICHâ–¡ Peaceful Environment & Respectable Neighborhoodâ–¡ Clear Documents Availableâ— Land Size: 10 Perchesâ— House Size: 4,240 Sq.Ftâ— 2-Story Houseâ— 4 Bedrooms (All with Attached Bathrooms)â— Fu"
https://ikman.lk/en/ad/brand-new-three-storey-solid-house-in-polgasowita-for-sale-colombo,43000000,Polgasowita,4,4,"3,000.0 sqft",6.0 perches,âœ… à·€à·à·ƒà·Šà¶­à·”à·€à·’à¶¯à·Šâ€à¶ºà·à¶±à·–à¶šà·–à¶½à·€ à¶´à·Šâ€à¶»à¶¸à·’à¶­à·’à¶¸à¶­à·Š à¶…à¶¸à·”à¶¯à·Šâ€à¶»à·€à·Šâ€à¶ºà¶ºà¶±à·Š à¶ºà·œà¶¯à· à¶‰à¶¯à·’à¶šà¶½ à¶±à·€à·“à¶± à¶´à¶±à·Šà¶±à¶ºà·š à¶…à¶½à·”à¶­à·Šà¶¸ à¶­à·™à¶¸à·„à¶½à·Š à¶±à·’à·€à·ƒà¶šà·Š à·€à·’à¶šà·’à¶«à·“à¶¸à¶§ à¶´à·œà¶½à·Šà¶œà·ƒà·Šà¶•à·€à·’à¶§ à¶šà·œà¶§à·Šà¶§à·à·€ à¶¶à·ƒà·Š à¶´à·à¶»à¶§ à¶†à·ƒà¶±à·Šà¶±à·€âœ… à·€à¶»à·Šà¶œ à¶…à¶©à·’ 3000 à¶šà¶§ à·€à¶©à· à·€à·’à·„à·’à¶¯à·”à¶±à·” à¶‰à¶© à¶´à¶»à·à·ƒà¶ºâœ… à¶‰à¶©à¶šà¶© à·ƒà·„à·’à¶­ à¶±à·’à¶¯à¶±à¶šà·à¶¸à¶» à·„à¶­
https://ikman.lk/en/ad/brand-new-house-in-kottawa-for-sale-for-sale-colombo-3,31000000,KOTTAWA,5,4,"2,800.0 sqft",10.0 perches,"(Sake-1862026)Luxury 3 story brand new house for sale in kottawa, 280 horana-maharagama road2km to Institute of Technology University of Moratuwa(Diyagama)2.5km to Mattegoda Town4km to Kottawa Highway"
https://ikman.lk/en/ad/single-story-house-for-sale-in-kottawa-for-sale-colombo-95,19500000,"Off Kudamaduwa - Siyambalagoda Road, Kottawa",3,2,"2,550.0 sqft",8.5 perches,"Single Story House for Sale in Kottawa. BR 1920Location: Off Kudamaduwa - Siyambalagoda Road, KottawaProperty Overview:* Land Extent: 8.5 Perches* Bedrooms: 3* Bathrooms: 2* Single-story fully complet"
https://ikman.lk/en/ad/house-for-sale-in-gorakana-moratuwa-for-sale-colombo-1,30000000,,4,3,"1,684.0 sqft",12.12 perches,"* This Residential property built as 2 units.* Extent of Main house and Annex 1684 Sq ft* Main house consists of Sitting/ Dining room, 3 Bedrooms, 2 Bathrooms, Pantry, and Kitchen.* Annex consists of "
https://ikman.lk/en/ad/thalawathugoda-house-for-sale-for-sale-colombo-182,160000000,Thalawathugoda,4,4,"7,000.0 sqft",45.0 perches,(SE962) Luxurious 4-Bedroom House for Sale Thalawathugodaâœ¨ **Property Details:**- **Bedrooms:** 4- **Bathrooms:** 4- **House Size:**7000 sqft- **Land Size:** 45 perchesğŸ¡ **Luxurious 4-Bedroom House fo
https://ikman.lk/en/ad/two-storey-house-for-sale-in-nugegoda-abuldaniya-for-sale-colombo-1,75000000,Nugegoda  Abuldaniya,4,4,"2,880.0 sqft",19.5 perches,TWO STOREY HOUSE FOR SALE  IN NUGEGODA ABULDANIYA .*************************ğŸ”¹ğŸ”¹************************ğŸ“4 bedroomğŸ“3 barthrooms .ğŸ“Hot water .ğŸ“tv lobby .ğŸ“balconyğŸ“Complete pantry with kitchenğŸ“Living AreağŸ“
https://ikman.lk/en/ad/single-story-3-bedrooms-house-for-sale-in-piliyandala-kesbewa-for-sale-colombo-2,18500000,Makandana,3,2,"1,134.0 sqft",9.5 perches,ğ–ğğ¥ğ¥ ğ¦ğšğ¢ğ§ğ­ğšğ¢ğ§ğğ ğŸ‘ ğğğğ«ğ¨ğ¨ğ¦ğ¬ ğ¡ğ¨ğ®ğ¬ğ ğŸğ¨ğ« ğ¬ğšğ¥ğ ğ¢ğ§ ğğ¢ğ¥ğ¢ğ²ğšğ§ğğšğ¥ğš ğŠğğ¬ğ›ğšğ°ğš (Bandaragama road)à¶´à·’à·…à·’à¶ºà¶±à·Šà¶¯à¶½ à¶šà·à·ƒà·Šà¶¶à·‘à·€ à·„à¶±à·Šà¶¯à·’à¶ºà¶§ à¶†à·ƒà¶±à·Šà¶±à¶ºà·™à¶±à·Š à¶¸à·à¶šà¶±à·Šà¶¯à¶±à·’à¶±à·Š à¶¸à·‘à¶­à¶šà¶¯à·“ à·ƒà·à¶¯à¶± à¶½à¶¯ à¶±à·’à¶¯à¶± à¶šà·à¶¸à¶» 3à¶šà·Š à·ƒà·„ à¶±à·à¶± à¶šà·à¶¸à¶» 2à¶š à¶­à¶±à·’à¶¸à·„à¶½à·Š à¶±à·’à·€à·ƒ à·€à·’à¶šà·’à¶±à·“à¶¸à¶§.à¶´à·œà·…à·€
https://ikman.lk/en/ad/homagama-5br-85p-fully-furnished-luxury-house-for-sale-in-panagoda-for-sale-colombo-2,153000000,"Ambulgama road, Leyland junction, Panagoda , Homagama",5,2,"4,000.0 sqft",85.0 perches,"Code : RMSM 741( Please Mention this code number when you are  calling to us)(à¶¸à·™à¶¸ à¶¯à·šà¶´à·… à¶œà·à¶± à¶œà·à¶± à·€à·à¶©à·’à¶¯à·”à¶» à·€à·’à·ƒà·Šà¶­à¶» à¶¯à·à¶±à¶œà·à¶±à·“à¶¸à¶§ à¶…à¶´à¶§ à¶šà¶­à· à¶šà¶»à¶± à·€à·’à¶§, à¶‰à·„à¶­ à·ƒà¶³à·„à¶±à·Š à¶šà·à¶©à·Š à¶‘à¶š, à¶…à¶´ à·€à·™à¶­ à¶´à·€à·ƒà¶±à·Šà¶±.)Single story, Five bedrooms L"
https://ikman.lk/en/ad/modern-elegance-residence-mount-lavinia-for-sale-colombo,87000000,Mount lavinia,4,4,"3,720.0 sqft",10.1 perches,"(SE1549)ğŸ¡âœ¨ Super Luxury 2-Storey House for Sale â€“ Dehiwala âœ¨ğŸ’° Price: Rs. 87,000,000 â€“ 87 Million â€“ 870 LakhsğŸ“ Location: DehiwalağŸ“ House Size: 3,720 Sqft | Land Size: 10.1 PerchesğŸ›ï¸ Bedrooms: 4 + Maid "
https://ikman.lk/en/ad/brand-new-luxury-two-story-house-for-sale-at-silva-lane-kolonnawa-for-sale-colombo-1,34500000,SILVA LANE KOLONNAWA,4,3,"2,300.0 sqft",5.0 perches,"ğŸ¡ FOR SALE â€“ MODERN 2-STORY HOUSE ğŸ¡ğŸ“ Silva Lane, Kolonnawaâœ¨ FEATURES:âœ… 5 Perches | ğŸ› 4 Bedrooms | ğŸ› 3 Bathroomsâœ… 2,300 Sqft of Spacious Livingâœ… Elegant Living Area & Modern Kitchen ğŸ½âœ… Premium Waterpro"
https://ikman.lk/en/ad/elegance-house-for-sale-piliyandala-for-sale-colombo,40000000,Piliyandala Mavittara,4,3,"3,200.0 sqft",8.0 perches,400m to 255rd Mavittara junction1km to Bypass rd2km to Piliyandala town20ft Rd Facing Super House8.perch landTwo Story HouseModern Architecture Design HouseStandard Materials and fittings6.bedroom 4.b
https://ikman.lk/en/ad/dehiwala-house-for-sale-for-sale-colombo-216,150000000,Dehiwala,4,2,"4,000.0 sqft",15.0 perches,House & property for sale in highly residential area in dehiwala no 18 Charles place two hundred meters to Galle road 15 perchers ten million a perch price negotiable.To the zoo road five minutes walk
https://ikman.lk/en/ad/75-p-with-brand-new-house-sale-malabe-for-sale-colombo-2,38500000,Malabe,4,4,"2,600.0 sqft",7.5 perches,Brand New Luxury Two Storied House Sale Malabe7.5 Perches & 2600 SQ Ft20 Ft Road4 Bedrooms3 BathroomsServant Bathroom & RoomModern PantrySpacious Living / DiningBalconiesPipe Born Water / Electricity2
https://ikman.lk/en/ad/prime-4-bed-house-thalawathugoda-for-sale-colombo,85000000,Thalawathugoda,4,4,"3,800.0 sqft",10.5 perches,"(SE1610)ğŸ¡ Stunning 2-Storey House for Sale in Thalawathugoda Town ğŸŒ¿ğŸ’° Price: Rs. 8,500,000 â€“ 8.5 Million â€“ 85 Lakhs (Negotiable)ğŸ“ Location: Thalawathugoda | 500m to Thalawathugoda Colour Light | 1.5 km"
https://ikman.lk/en/ad/modern-house-for-sale-in-kotte-for-sale-colombo-47,155000000,,2,2,"7,500.0 sqft",13.2 perches,ğŸ¡ FULLY FURNISHED MODERN LUXURY â€“ 4 UNIT HOUSE FOR SALE (KOTTE)ğŸ“ Close to Jayawardenapura HospitalğŸ’° NEW PRICE : Rs. 155 Million (Negotiable)ğŸ“… Please make a prior appointmentğŸ”¹ Property Detailsâ€¢ 13.2 Pe
https://ikman.lk/en/ad/piliyandala-makandana-brand-new-house-for-sale-for-sale-colombo-1,25000000,Piliyandala,3,2,"1,200.0 sqft",8.0 perches,"8 perch house ,3 bedrooms ,2 bathrooms with attached ,attractive pantry cupboards ,roller gate with wicked gate ,15 width access rd ,120 meters to 1/157 bus rd ,500 meters to Bandaragama bus rd ,house"
https://ikman.lk/en/ad/brand-new-two-story-house-for-sale-in-kottawa-pinhena-junction-for-sale-colombo-8,35000000,à¶´à·’à¶‚à·„à·šà¶± à·„à¶‚à¶¯à·’à¶º à¶†à·ƒà¶±à·Šà¶±à¶ºà·™à¶±à·Š,3,3,"2,524.0 sqft",7.0 perches,ğ“ğ°ğ¨ ğ’ğ­ğ¨ğ«ğ² ğ‹ğ®ğ±ğ®ğ«ğ² ğŸ‘ ğğğğ«ğ¨ğ¨ğ¦ğ¬ ğ‡ğ¨ğ®ğ¬ğ ğŸğ¨ğ« ğ’ğšğ¥ğ ğ¢ğ§ ğŠğ¨ğ­ğ­ğšğ°ğšTwo Story 3 Bedrooms Luxury House for sale in Kottawa - Pinhena junction. built high quality materials.  Very decent & calm environment. All the fa
https://ikman.lk/en/ad/brand-new-two-storey-house-for-sale-athurugiriya-for-sale-colombo-62,23000000,Athurugiriya,3,3,"1,290.0 sqft",7.0 perches,"(PR1525)ğŸ¡âœ¨ Brand New Two-Storey House for Sale â€“ Athurugiriya ğŸŒ¿ğŸ’° Price: Rs. 23,000,000 â€“ 23 Million â€“ 230 Lakhs (Negotiable)ğŸ  Property Type: HouseğŸ“ Location: AthurugiriyağŸ“ Size:â€¢ Land: 7 Perchesâ€¢ Hous"
https://ikman.lk/en/ad/house-for-sale-in-moratuwa-for-sale-colombo-1723,55000000,Moratuwa,3,3,"3,000.0 sqft",12.5 perches,"House for Sale in MoratuwaBedrooms - 3Bathrooms - 3Perchas - 12.50Separate servants quartersHall, dining, kitchenRoof topSqft - 3000Parking space - 215ft Road500 m from main roadPrice : 55 Million (Ne"
https://ikman.lk/en/ad/nviin-pnnyee-sukoopboogii-nivs-ikmnin-vikiniimtt-for-sale-colombo,23000000,piliyandala,3,3,"1,468.0 sqft",8.5 perches,"âœ… à¶´à·’à¶½à·’à¶ºà¶±à·Šà¶¯à¶½ à¶¸à¶©à¶´à·à¶­ à¶´à·à¶»à·š à¶šà·œà¶§à¶œà·™à¶¯à¶» à·„à¶‚à¶¯à·’à¶ºà¶§ à¶±à·”à¶¯à·”à¶»à·”à·€ à¶´à·’à·„à·’à¶§à·’, à·ƒà·”à¶›à·à¶´à¶·à·à¶œà·“ à¶…à¶½à¶‚à¶šà·à¶» à¶­à¶±à·’ à¶¸à·„à¶½à·Š à¶±à·’à·€à·ƒ à¶‰à¶šà·Šà¶¸à¶±à·’à¶±à·Š à·€à·’à¶šà·’à¶«à·“à¶¸à¶§..âœ… 10 miniths to Piliyandala Townâœ… 10 miniths to Kasbawa Junctionâœ… 500 meters to Madapatha RoadGA"
https://ikman.lk/en/ad/house-for-sale-in-nawala-nugegoda-for-sale-colombo,88000000,Nawala Nugegoda,5,3,"3,000.0 sqft",9.0 perches,House For Sale in Nawala Nugegoda* 9 perches* 3000 square feet* 5 Bedrooms ( AC )* 3 Bathrooms* Maids room & washroom* Wet kitchen* 3 Car park* Wide road access* Quiet neighbourhood* Convenient locati
https://ikman.lk/en/ad/roof-top-with-brand-new-house-in-athurugiriya-for-sale-colombo-1,25000000,Athurugiriya,3,3,"1,290.0 sqft",7.0 perches,Brand Single Storied House Sale Athurugiriya7 Perches & 1290 SQ Ft20 Ft Road3 Bedrooms2 Bathrooms( Hot Water )Out Side BathrooModern PantrySpacious Living / DiningFinishing RoofRooftopParking For 2 Ve
https://ikman.lk/en/ad/house-for-sale-in-ebulldeniya-ds32077-for-sale-colombo,32000000,nugegoda ebulldeniya,3,3,"2,000.0 sqft",6.0 perches,ğŸ  House for SaleğŸ“ *Location:* [Ambuldeniya Nugegoda]ğŸ“ *Land Size:* 6 PerchesğŸš— *Parking:* Space for 3 VehiclesğŸŒ¿ *Extras:* Small Garden AreaThis beautiful house is perfect for family living and features
https://ikman.lk/en/ad/brand-new-two-story-house-for-sale-in-kadawatha-for-sale-gampaha,23000000,"Gnemulla Road, Kadawatha",3,2,"1,500.0 sqft",9.5 perches,1.5km to Kadawatha - Ganemulla Road.15mins Drive to Kadawatha Town & Highway Entrance.
https://ikman.lk/en/ad/elevated-luxury-family-home-with-panoramic-views-thalawathugoda-for-sale-colombo,47500000,Thalawathugoda,5,3,"4,210.0 sqft",13.5 perches,"(SD102)ğŸ¡âœ¨ Elevated Luxury Family Home with Panoramic Views & Solar-Ready Rooftops â€“ Near Athurugiriya Interchange ğŸŒ¿â˜€ï¸ğŸš—ğŸ’° Price â€“ Rs. 47,500,000 â€“ 47.5 Million â€“ 475 Lakhs (Negotiable)ğŸ  Property Type â€“ "
https://ikman.lk/en/ad/single-and-2-storied-house-with-rental-income-wijerama-nugegoda-for-sale-colombo,38500000,Wijerama Egodawatta Rd Nugegoda,8,3,"2,450.0 sqft",12.8 perches,2 Houses With Rental income - Sale in Wijerama Egodawatta Rd Nugegoda* Asking Almost the Land Value* ğŸ“ Only 500m to SJP University* 12.8 P land with 2 houses* Single Storey House With 1700 SQFT - 3 Be
https://ikman.lk/en/ad/two-storey-house-for-sale-in-battaramulla-ds6543-for-sale-colombo-1,30000000,battaramulla,3,2,"3,000.0 sqft",9.7 perches,two story house for  Sale in Battaramulla ğŸ¡  ğŸ“ Location: battaramulla koswatte  âœ… Land Size: 9.7 Perches âœ… House Size: 3000 Sqft âœ… Bedrooms: 3 âœ… Bathrooms: 2 âœ… Parking: Space for 2 Vehicles âœ… Road Fac
https://ikman.lk/en/ad/modern-single-story-house-for-sale-in-piliyandala-kahathuduwa-for-sale-colombo-4,19500000,Kahathuduwa,3,2,"1,366.0 sqft",6.85 perches,ğ°ğğ¥ğ¥ ğ®ğ¬ğğ ğ¬ğ¢ğ§ğ ğ¥ğ ğ¬ğ­ğ¨ğ«ğ² ğ‡ğ¨ğ®ğ¬ğ ğŸğ¨ğ« ğ¬ğšğ¥ğ ğ¢ğ§ ğğ¢ğ¥ğ¢ğ²ğšğ§ğğš ğŠğšğ¡ğšğ­ğ¡ğ®ğğ®ğ°ğšà¶šà·„à¶­à·”à¶©à·”à·€ à·„à¶ºà·’à¶©à·Šâ€à¶»à·à¶¸à¶±à·“ à¶†à¶ºà¶­à¶±à¶º à¶†à·ƒà¶±à·Šà¶±à¶ºà·™à¶±à·Š à¶±à·’à¶¯à¶± à¶šà·à¶¸à¶» 3à¶šà·Š à·ƒà·„ à¶±à·à¶± à¶šà·à¶¸à¶» 2à¶š à¶¸à·‘à¶­à¶šà¶¯à·“ à·ƒà·‘à¶¯à·” à¶±à·’à·€à·ƒà¶šà·Š à·€à·’à¶šà·’à¶«à·“à¶¸à¶§. à¶±à·’à·€à·ƒ à¶¸à¶±à· à¶‰à¶©à¶šà¶© à·ƒà·„à·’à¶­à·€ à¶…à¶½à¶‚à¶šà·à¶» à¶½à·™à·ƒ à¶‰à¶¯à·’à¶šà¶» à¶‡à¶­. à¶…à¶©à·’
https://ikman.lk/en/ad/brand-new-house-for-sale-in-thalawathugoda-for-sale-colombo-1248,140000000,,5,5,"5,500.0 sqft",21.0 perches,3st super luxury house for sale in thalawathugodaDeepthi TharakaHighly Residential areapaceful 20feet road (carpet road )fatafice location .easy excess convenience location200 thalawathugoda madiwala 
https://ikman.lk/en/ad/nidn-kaamr-3k-tnimhl-nivs-vikinniimtt-piliyandala-dolekanaththa-for-sale-colombo-28,24000000,à¶´à·’à·…à·’à¶ºà¶±à·Šà¶¯à¶½ -à¶¯à·œà¶½à·šà¶šà¶±à¶­à·Šà¶­ à·„à¶±à·Šà¶¯à·’à¶º,3,1,"1,132.0 sqft",6.88 perches,ğğ«ğšğ§ğ ğğğ° ğŸ‘ ğğğğ«ğ¨ğ¨ğ¦ğ¬ ğ‡ğ¨ğ®ğ¬ğ ğŸğ¨ğ« ğ¬ğšğ¥ğ ğ¢ğ§ ğğ¢ğ¥ğ¢ğ²ğšğ§ğğšğ¥ğš ğƒğ¨ğ¥ğğ¤ğšğ§ğšğ­ğ¡ğ­ğ¡ğš ğ‰ğ®ğ§ğœğ­ğ¢ğ¨ğ§à¶´à·’à·…à·’à¶ºà¶±à·Šà¶¯à¶½  -à¶¯à·œà¶½à·šà¶šà¶±à¶­à·Šà¶­ à·„à¶±à·Šà¶¯à·’à¶ºà¶§ à¶†à·ƒà¶±à·Šà¶±à¶ºà·™à¶±à·Š à¶¶à·ƒà·Š à¶´à·à¶»à¶§ à¶‡à·€à·’à¶¯à·’à¶± à¶¯à·”à¶»à·’à¶±à·Š à¶´à¶»à·Š 6.88à¶š à¶‰à¶©à¶¸à·™à·„à·’ à¶‰à¶¯à·’à¶šà¶»à¶± à¶½à¶¯ à¶±à·’à¶¯à¶± à¶šà·à¶¸à¶» 3à¶š à·ƒà·„ à¶±à·à¶± à¶šà·à¶¸à¶» 1à¶šà·’à¶±à·Š à·ƒà¶¸à¶±à·Šà·€à·’
https://ikman.lk/en/ad/two-story-luxury-house-for-sale-in-colombo-15-for-sale-colombo-9,57000000,"Aluth Mawatha, Colombo 15",4,2,"1,800.0 sqft",6.0 perches,"Two Story Luxury House for Sale in Colombo 15. BR 1648Location - Aluth Mawatha, Colombo 15Property details:* Land extent: 6 Perches* Two-story architect-designed luxury house* Total 4 Bedrooms and 2 B"
https://ikman.lk/en/ad/prestige-home-school-lane-nawala-for-sale-colombo,170000000,Nawala,5,3,"2,950.0 sqft",20.0 perches,"(SE1601)ğŸ¡âœ¨ Elegant 5-Bedroom House for Sale â€“ Nawala, School Lane âœ¨ğŸ’° Price: Rs. 170,000,000 â€“ 170 Million â€“ 1,700 Lakhs (Offers in Excess / Negotiable)ğŸ  Property Type: HouseğŸ“ Location: School Lane, Na"
https://ikman.lk/en/ad/two-story-house-for-sale-in-piliyandala-for-sale-colombo-442,39000000,"Seelarathana Mawatha, Piliyandala",4,2,"4,500.0 sqft",15.1 perches,"Two Story House for Sale in Piliyandala. BR 1913Location: Seelarathana Mawatha, PiliyandalaProperty Overview:* Land Extent: 15.1 Perches* Bedrooms: 4* Bathrooms: 2* Four balconies providing ample vent"
https://ikman.lk/en/ad/th203-newly-renovated-single-storey-house-for-sale-in-moratuwa-for-sale-colombo-1,60000000,Rawathawatta Moratuwa,3,2,"2,225.0 sqft",16.0 perches,"ï¿­ Peaceful surrounding, Exclusive Neighborhoodï¿­ 20Ft Wide Roadï¿­ House type: Large house separated into two independent units, 2nd unit has Living, Dining and Pantry KitchenğŸŸ© Property Featuresâ­•ï¸ 03 bed"
https://ikman.lk/en/ad/fully-completed-brand-new-house-sale-athurugiriya-for-sale-colombo-3,19500000,"Koraota , Athurugiriya",3,2,"1,200.0 sqft",7.0 perches,"Brand New Single Storied House sale Koratota , Ahurugiriya7 Perches & 1200 SQ Ft20 Ft Road500 M to Main Road3 Bedrooms2 Bathrooms( Hot Water )Modern PantryLiving / Dining AreaFinishing RoofParking Spa"
https://ikman.lk/en/ad/nidhs-prisryk-alnkaar-alutm-nivs-vikiniimtt-piliyndl-for-sale-colombo,25000000,kesbawa,3,3,"1,466.0 sqft",8.0 perches,"âœ… à¶´à·’à¶½à·’à¶ºà¶±à¶¯à¶½, à¶šà·à·ƒà·Šà¶¶à·‘à·€ à¶ºà¶± à¶±à¶œà¶» à·€à¶½à¶§ à¶±à·”à¶¯à·”à¶»à·”à·€, à¶šà·œà·…à¶¹ à¶¶à¶«à·Šà¶©à·à¶»à¶œà¶¸ à¶¶à·ƒà·Š à¶´à·à¶»à¶§ à¶¸à·“à¶§à¶»à·Š 600 à¶š à¶¯à·”à¶»à·’à¶±à·Š, à·ƒà·”à¶±à·Šà¶¯à¶» à·€à·™à¶½à·Šà¶ºà·à¶ºà¶šà¶§ à¶¸à·à¶ºà·’à¶¸à·Šà·€ à¶‰à¶¯à·’ à·€à¶± à¶…à¶½à¶‚à¶šà·à¶» à¶…à¶½à·”à¶­à·Šà¶¸ à¶±à·’à·€à·ƒ à·€à·’à¶šà·’à¶±à·“à¶¸à¶§..âœ… à¶­à·€à¶­à·Š à¶¯à·’à¶± 7 à¶šà·’à¶±à·Š à·ƒà¶¸à·Šà¶´à·”à¶»à·Šà¶«à¶ºà·™à¶±à·Šà¶¸ à·€à·à¶© à¶±à·’à¶¸à¶šà¶»à¶±à·” à¶½à·à¶¶à·š. à¶±à·’à¶¯à·„à·ƒà·Š"
https://ikman.lk/en/ad/brand-new-house-for-sale-malabe-for-sale-colombo-492,39000000,Malabe,3,3,"2,400.0 sqft",14.5 perches,"Brand New Single Storied House For Sale Arangala Junction , Malabe14.5Perches & 2400 SQ Ft20 Ft Road400 M to Main Road3 Bedrooms2 BathroomServant BathroomModern PantryLiving / DiningRoof topFinishing "
https://ikman.lk/en/ad/luxury-house-with-central-ac-for-sale-from-piliyandala-ganewatte-rd-for-sale-colombo,49500000,Ganewatta Rd Mampe Piliyandala,4,5,"3,300.0 sqft",9.4 perches,Luxury House in Ganewatta Rd Mampe Piliyandala - SOLAR POWERED 10 kw* 9.4 p* 3300 SQFT* 4 Bedrooms* 5 Bathrooms ( 4 Attached ) Hot Water* Store Room* Large Living - Dining - Fully Fitted Pantry Kitche
https://ikman.lk/en/ad/af460-02-bed-room-with-furniture-sale-at-nawala-road-for-sale-colombo,46000000,Nawala Road Nawala,2,2,"1,100.0 sqft",10.0 perches,02 Bed Room With Furniture Sale At Nawala Road NawalaNo of rooms: 2No of bathrooms: 2ğŸŒŸProperty FeaturesğŸŒŸAC ROOMSğŸŒŸSWIMMING POOLğŸŒŸ24 HOUR SECURITYğŸŒŸLUXURY SPECSğŸŒŸHOT WATERâ‘¡ğŸŒŸHOME SECURITY SYSTEMğŸŒŸROOF TOP GA
https://ikman.lk/en/ad/luxury-modern-house-for-sale-in-pannipitiya-facing-a-paddy-field-for-sale-colombo,49500000,Pannipitiya,5,4,"3,500.0 sqft",10.0 perches,Modern House For Sale in Pannipitiya Facing a Paddy Field* 10 perches* 3500 SQFT* 5 Bedrooms ( With 3 AC)* 4 Bathrooms( With Hot-Water )* Servant Room & Washroom* Large Living With Open Pantry & Anoth
https://ikman.lk/en/ad/ip420-165-p-02-story-house-sale-at-d-wejesinghe-mawatha-pelawatha-for-sale-colombo-1,52800000,"D.P. Wijesinghe Mawatha, Pelawaththa",4,3,"2,800.0 sqft",16.5 perches,"16.5 P 02 Story House Sale At D P Wejesinghe mawatha Pelawatha â€¦..ğŸ¡ 16.5 P + 8.2 P = 24.7 Perches WithHouse for sale. BattaramullağŸ¡20 feet ,ğŸ¡ 16.5  perchesğŸ¡2 storied +2800 Square feet.ğŸ¡4 bed 3 bath 03"
https://ikman.lk/en/ad/single-story-3-bedrooms-house-for-sale-in-piliyandala-kesbawa-for-sale-colombo-14,22500000,Kesbawa - SOS road,3,2,"1,478.0 sqft",8.0 perches,ğ€ğ¥ğ¦ğ¨ğ¬ğ­ ğğğ° ğŸ‘ ğğğğ«ğ¨ğ¨ğ¦ğ¬ ğ‡ğ¨ğ®ğ¬ğ ğŸğ¨ğ« ğ¬ğšğ¥ğ ğ¢ğ§ ğğ¢ğ¥ğ¢ğ²ğšğ§ğğšğ¥ğš ğŠğğ¬ğ›ğšğ°ğšà¶´à·’à·…à·’à¶ºà¶±à·Šà¶¯à¶½ - à¶šà·à·ƒà·Šà¶¶à·‘à·€ à·„à¶±à·Šà¶¯à·’à¶ºà¶§ à¶†à·ƒà¶±à·Šà¶±à¶ºà·™à¶±à·Š à¶¸à·‘à¶­à¶šà¶¯à·“ à·ƒà·‘à¶¯à·” à¶±à·’à¶¯à¶± à¶šà·à¶¸à¶» 3à¶šà·’à¶±à·Š à·ƒà·„ à¶±à·à¶± à¶šà·à¶¸à¶» 2à¶šà·’à¶±à·Š à·ƒà¶¸à¶±à·Šà·€à·’à¶­ à¶±à·’à·€à·ƒ à·€à·’à¶šà·’à¶«à·“à¶¸à¶§.à¶´à·œà·…à·€ à·ƒà¶¸à·Šà¶´à·”à¶»à·Šà¶«à¶ºà·™à¶±à·Š à¶§à¶ºà·’à¶½à·Š à¶šà¶» à·†à·’à¶±à·’à·‚à·’à¶±à·Š
https://ikman.lk/en/ad/stunning-family-home-for-sale-thalawathugoda-for-sale-colombo-90,54000000,Baththaramulla,5,3,"2,800.0 sqft",10.5 perches,"(SE1535)ğŸ¡ Stunning Family Home for Sale â€“ Thalawathugoda ğŸŒ¿ğŸ’° Price: Rs. 54,000,000 â€“ 54 Million â€“ 540 LakhsğŸ›ï¸ Bedrooms: 5ğŸš¿ Bathrooms: 3 (+1 Maidâ€™s Bathroom)ğŸ“ House Size: 2,800 sq.ft.ğŸŒ³ Land Size: 10.5 P"
https://ikman.lk/en/ad/well-build-house-for-sale-malabe-for-sale-colombo-2,39500000,Malabe,4,3,"2,800.0 sqft",11.0 perches,Two Storied Good Condition House Sale Malabe11 Perches & 2800 SQ Ft20 Ft Road4 Bedrooms3 BathroomsServant RoomModern PantrySpacious Living / Dining AreaBalconies3 Parking SpacePipe Born Water / Electr
https://ikman.lk/en/ad/modern-02-story-house-for-sale-kottawa-for-sale-colombo,29500000,"Rukmalgama , Kottawa",3,2,"1,553.0 sqft",8.75 perches,"03 Spacious Bedrooms, including a Master Bedroom with attached bathroom & A/C02 Bathrooms with quality fittingsBright and spacious living area, perfect for relaxing and entertaining guestsSeparate TV "
https://ikman.lk/en/ad/two-storey-house-for-sale-in-battaramulla-ds1212-for-sale-colombo,100000000,Battaramulla,4,3,"3,000.0 sqft",11.6 perches,House for sale in a highly residential AreaJayanthipura most residential area of BattaramullaTwo- story housewith a spacious living rooms on each floor.4 Bedroom3 BathroomPantry and Kitchen3 vehicle p
https://ikman.lk/en/ad/brand-new-house-for-sale-athurugiriya-for-sale-colombo-901,24000000,Athurugiriya,3,2,"1,200.0 sqft",7.0 perches,Strong Structure Brand New House For Sale Athurugiriya7 Perches & 1200 SQ Ft20 Ft Road3 Bedrooms2 BathroomsServant bathroomModern pantryLiving DiningFinishing roofPipe Born Water & ElectricityRemote R
https://ikman.lk/en/ad/kottawa-12-perched-luxury-two-storey-house-for-sale-for-sale-colombo-1,42000000,Kottawa kulasewana,4,4,"2,800.0 sqft",12.0 perches,Kottawa Architecturally Designed luxury two storey House for sale12 perched4 Bedrooms4 Bathrooms2800 sqfeetlarge living areaspacious for the dining areamordern pantry cubbordspacious for the tv lobbyf
https://ikman.lk/en/ad/prcs-168-k-alnkaar-tni-mhl-nivs-vikiniimtt-mttegodd-for-sale-colombo,37500000,mattegoda..,5,3,"1,842.0 sqft",16.8 perches,"âœ… à¶šà·œà¶§à·Šà¶§à·à·€,à¶´à·’à¶½à·’à¶ºà¶±à·Šà¶¯à¶½, à¶šà·à·ƒà·Šà¶¶à·‘à·€, à¶šà·„à¶­à·”à¶©à·”à·€ à¶ºà¶± à¶±à¶œà¶»à·€à¶½à¶§ à¶±à·”à¶¯à·”à¶»à·”à·€, à¶¸à¶­à·Šà¶­à·™à¶œà·œà¶© à¶´à·’à·„à·’à¶§à·’ à¶´à¶»à·Šà¶ à·ƒà·Š 16.8 à¶š à¶…à¶½à¶‚à¶šà·à¶» à¶…à¶‚à¶œà·ƒà¶¸à·Šà¶´à·–à¶»à·Šà¶« à¶­à¶±à·’ à¶¸à·„à¶½à·Š à¶±à·’à·€à·ƒ à¶‰à¶šà·Šà¶¸à¶±à·’à¶±à·Š à·€à·’à¶šà·’à¶±à·“à¶¸à¶§..âœ… 5 minutes to Kahatuduwa Highwayâœ… 10 minutes to Kasbawa Junc"
https://ikman.lk/en/ad/thalawathugoda-02-storied-large-house-on-502-perches-of-land-for-sale-for-sale-colombo,140000000,"Kalalgoda Road, Thalawathugoda",4,3,"5,000.0 sqft",50.2 perches,Thalawathugoda-Kalalgoda Road 02 Storied Large House on 50.2 Perches of Land For Sale50.2 perches land with Architect designed 2 story House3000 sq.ft20ft Road4 Bedrooms (All AC) & 3 bathroomsMaidâ€™s r
https://ikman.lk/en/ad/af10-brand-new-house-in-thalawathugoda-hokandara-for-sale-colombo,68500000,"Thalawathugoda, Hokandara",4,3,"2,900.0 sqft",8.3 perches,"â€¢ Brand new house in Thalawathugoda, HokandaraLess than 100 meters to Hokandara Junction.â€¢ â˜€ï¸Facing Paddy fieldsAndâ€¢ â˜€ï¸10 Mintues to Athurugiriya Highway Entrance and Baththaramulla junction.â€¢ â˜€ï¸Vicin"
https://ikman.lk/en/ad/well-maintained-3-bedrooms-house-for-sale-in-piliyandala-siddamulla-for-sale-colombo-19,19500000,Siddamulla,3,2,"1,266.0 sqft",8.5 perches,ğ€ğ¥ğ¦ğ¨ğ¬ğ­ ğğğ° ğŸ‘ ğğğğ«ğ¨ğ¨ğ¦ğ¬ ğ‡ğ¨ğ®ğ¬ğ ğŸğ¨ğ« ğ¬ğšğ¥ğ ğ¢ğ§ ğğ¢ğ¥ğ¢ğ²ğšğ§ğğšğ¥ğš ğ’ğ¢ğğğšğ¦ğ®ğ¥ğ¥ğš255 à¶´à·’à·…à·’à¶ºà¶±à·Šà¶¯à¶½ - à¶šà·œà¶§à·Šà¶§à·à·€ à¶´à·Šâ€à¶»à¶°à·à¶± à¶¶à·ƒà·Š à¶¸à·à¶»à·Šà¶œà¶º à¶†à·ƒà¶±à·Šà¶±à¶ºà·™à¶±à·Š à·ƒà·’à¶¯à·Šà¶°à¶¸à·”à¶½à·Šà¶½à·™à¶±à·Š à¶´à¶»à·Š 8.5 à¶š à¶¸à·‘à¶­à¶šà¶¯à·“ à¶‰à¶¯à·’à·€à·”à¶«à·” à¶±à·’à¶¯à¶± à¶šà·à¶¸à¶» 3à¶š à¶±à·’à·€à·ƒ à·€à·’à¶šà·’à¶±à·“à¶¸à¶§.à¶‰à¶­à·à¶¸à¶­à·Š à·ƒà·à¶¸à¶šà·à¶¸à·“ à·€à¶§à¶´à·’
https://ikman.lk/en/ad/p570-lakefront-house-for-sale-in-delkanda-for-sale-colombo-140,89000000,Nugegoda,4,2,"3,500.0 sqft",17.0 perches,"ï¿­ Peaceful surrounding, Exclusive NeighborhoodğŸŸ© Property Featuresâ­•ï¸ 4 Spacious Bedrooms + 1 Study Roomâ­•ï¸ 2 Bedrooms with Private Balconies Overlooking the Lakeâ­•ï¸ 2 Modern Bathrooms + Separate Servantâ€™"
https://ikman.lk/en/ad/af491-maharagama-unfurnished-single-storey-house-for-sale-for-sale-colombo,45000000,Maharagama,3,2,"2,500.0 sqft",24.0 perches,"âœ¨ Ideal for Residence | Office | Montessori | Medical Centre | Tuition | Elder CareJust 1km to Maharagama Town and facing a 20ft carpeted main road, this spacious and beautifully maintained property o"
https://ikman.lk/en/ad/ins-333-valuable-single-storey-house-sale-in-homagama-for-sale-colombo-2,23500000,Homagama,3,2,"1,300.0 sqft",10.0 perches,( INS-333) Valuable Single Storey House Sale in Homagama HabarakadağŸŸ£  à·„à·œà¶¯à¶¸ à¶…à¶¸à·”à¶¯à·Šâ€à¶»à·€à·Šâ€à¶º à¶ºà·œà¶¯à· à¶±à·’à¶¸ à¶šà¶»à¶± à¶šà¶»à¶± à¶…à¶±à·Šà¶œà·ƒà¶¸à·Šà¶´à·–à¶»à·Šà¶« à¶±à·€à·“à¶± à¶±à·’à·€à·ƒ à·€à·’à¶šà·’à¶«à·“à¶¸à¶§.ğŸŸ£ à¶¸à·’à¶½ à¶½à¶šà·Šà·‚ 250 ğŸ’µğŸ’´ğŸ’°ğŸŸ£ à·ƒà·’à¶ºà¶½à·” à¶´à·„à·ƒà·”à¶šà¶¸à·Š à·ƒà·„à·’à¶­ à¶±à·’à·ƒà·Šà¶šà¶½à¶±à·Šà¶š à¶´à¶»à·’à·ƒà¶»à¶ºà¶šà·’à¶±à·Š à·ƒà¶¸à¶±à·Š
https://ikman.lk/en/ad/brand-new-luxury-house-for-sale-nugegoda-delkanda-for-sale-colombo-263,52000000,Nugegoda,4,3,"2,460.0 sqft",5.55 perches,Descriptionâ€¢	5 bed rooms and 3 bathroomâ€¢	Servant  room for each house.â€¢	Teak door /Windows/ Framesâ€¢	 Rocell Bathwareâ€¢	CCTVâ€¢	Vehicle Parking  for  each houseâ€¢	3 story housesâ€¢	Condominium style/ condomi
https://ikman.lk/en/ad/th252-furnished-luxury-three-storey-house-for-sale-in-piliyandala-for-sale-colombo-2,75000000,Piliyandala,4,4,"4,600.0 sqft",12.0 perches,"ï¿­ Peaceful surrounding, Exclusive NeighborhoodğŸŸ© Property Featuresâ­•ï¸ 04 bedroomsâ­•ï¸ 04 bathroomsâ­•ï¸ Living areaâ­•ï¸ Dining areaâ­•ï¸ TV Lobbyâ­•ï¸ Gymâ­•ï¸ Equipment and Bar areaâ­•ï¸ Rooftopâ­•ï¸ 03 Kitchen with PantryğŸŸ©"
https://ikman.lk/en/ad/elegant-family-home-battaramulla-for-sale-colombo,69500000,Baththaramulla,3,3,"2,517.0 sqft",12.0 perches,"(SE1522)ğŸ¡âœ¨ Luxurious 2-Storey House with Private Pool â€“ Thalawatugoda / Battaramulla âœ¨ğŸ¡ğŸ’° Price: Rs. 69,500,000 â€“ 69.5 Million â€“ 695 Lakhs (Negotiable)ğŸ  Property Type: HouseğŸ“ Location: Kumaragewatta, T"
https://ikman.lk/en/ad/th287-luxury-three-storey-house-for-sale-in-kahathuduwa-for-sale-colombo,43000000,Kahathuduwa,6,5,"4,100.0 sqft",7.0 perches,"ï¿­ Peaceful surrounding, Exclusive Neighborhoodï¿­ 30Ft Wide RoadğŸŸ© Property Featuresâ­•ï¸ 06 bedroomsâ­•ï¸ 05 bathroomsâ­•ï¸ Living areaâ­•ï¸ Dining areaâ­•ï¸ TV Lobbyâ­•ï¸ Rooftopâ­•ï¸ Two Kitchens with PantryğŸŸ© Amenitiesâ­•ï¸ "
https://ikman.lk/en/ad/brand-new-house-with-slab-for-sale-in-wellampitiya-for-sale-colombo-68,16500000,Brendiyawatta Wellampitiya,2,2,952.0 sqft,3.5 perches,Brand New House with Slab for Sale in  AA 1219Location - Brendiyawatta Wellampitiyaâœ“ Ground floor House with Slabâœ“3.5 Perchesâœ“ 2 Bedroomsâœ“ 2 Bathroomsâœ“ Fully tiledâœ“ 700m distance to Wellampitiyaâœ“ Clea
https://ikman.lk/en/ad/th08-two-storey-brand-new-house-for-sale-in-piliyandala-for-sale-colombo-30,44000000,"Kesbewa , Piliyandala",4,3,"2,800.0 sqft",10.0 perches,"Architect Designedï¿­ Peaceful surrounding, Exclusive NeighborhoodğŸŸ© Property Featuresâ­•ï¸ 04 bedroomsâ­•ï¸ 03 bathroomsâ­•ï¸ Living areaâ­•ï¸ Dining areaâ­•ï¸ TV Lobbyâ­•ï¸ Servant Roomâ­•ï¸ Servant Bathroomâ­•ï¸ Rooftopâ­•ï¸ Ki"
https://ikman.lk/en/ad/house-for-sale-for-sale-colombo-26815,15000000,273/11 FERGUSAN road Colombo 15,2,1,320.0 sqft,2.5 perches,HOUSE FOR SALE NEW HOUSE DOWN HOUSE 2 BEDROOM 1 HALL 1 KICHEN 1TOILETUP CHAIRS 2 BEDROOM 1HALL 1 KICHEN 1 TOILET AND BELKENI HAVE SCHOOL AND MARKERT NEEAR AND HOUSE CONDITION GOOD
https://ikman.lk/en/ad/boralasgamuwa-5br-20p-two-story-house-for-sale-at-rattanapitiya-for-sale-colombo,75000000,"Colombo - Horana road, Mithuru mawatha, Rattanapitiya, Boralasgamuwa",5,4,"3,500.0 sqft",20.0 perches,"Code : KASM 270(Please mention this code number when you are calling to us)(à¶¸à·™à¶¸ à¶¯à·šà¶´à·… à¶œà·à¶± à·€à·à¶©à·’ à·€à·’à·ƒà·Šà¶­à¶» à¶¯à·à¶± à¶œà·à¶±à·“à¶¸à¶§ à¶…à¶´à¶§ à¶šà¶­à· à¶šà¶»à¶± à·€à·’à¶§, à¶‰à·„à¶­ à·ƒà¶¯à·„à¶±à·Š à¶šà·à¶©à·Š à¶‘à¶š à¶…à¶´ à·€à·™à¶­ à¶´à·€à·ƒà¶±à·Šà¶±)Two story, Five bedrooms  House for Sal"
https://ikman.lk/en/ad/luxury-spacious-6br-5ba-house-for-sale-colombathanthri-mwkotte-for-sale-colombo,170000000,kotte,6,5,"6,000.0 sqft",21.5 perches,"(SE1650)ğŸ¡ Luxury Spacious 6BR / 5BA House for Sale â€“ Colombathanthri MW, Ethul Kotte âœ¨ğŸ’° Price: Rs. 170,000,000 â€“ 170 Million â€“ 1,700 Lakhs (Negotiable)ğŸ  Property Type: HouseğŸ“ Location: Colombathanthri"
https://ikman.lk/en/ad/super-luxury-house-sale-talawatugoda-for-sale-colombo-2,56000000,Talawatugoda,4,3,"3,000.0 sqft",6.0 perches,Brand New Luxury House For Sale Talawatugoda6 Perches & 3000 SQ Ft20 Ft RoadWalking Distance Talawatugoda4 Bedrooms3 Bathrooms( Hot Water )Servant RoomModern PantrySpacious Living / DiningCCTVRoof Top
https://ikman.lk/en/ad/nugegoda-5br-20p-two-story-house-for-sale-for-sale-colombo,75000000,"Colombo - Horana road, Mithuru mawatha, Rattanapitiya, Nugegoda",5,4,"3,500.0 sqft",20.0 perches,"Code : KASM 270(Please mention this code number when you are calling to us)(à¶¸à·™à¶¸ à¶¯à·šà¶´à·… à¶œà·à¶± à·€à·à¶©à·’ à·€à·’à·ƒà·Šà¶­à¶» à¶¯à·à¶± à¶œà·à¶±à·“à¶¸à¶§ à¶…à¶´à¶§ à¶šà¶­à· à¶šà¶»à¶± à·€à·’à¶§, à¶‰à·„à¶­ à·ƒà¶¯à·„à¶±à·Š à¶šà·à¶©à·Š à¶‘à¶š à¶…à¶´ à·€à·™à¶­ à¶´à·€à·ƒà¶±à·Šà¶±)Two story, Five bedrooms  House for Sal"
https://ikman.lk/en/ad/p661-two-storey-house-for-sale-in-maharagama-for-sale-colombo-3,28000000,Maharagama,4,3,"2,000.0 sqft",6.2 perches,"ï¿­ Peaceful surrounding, Exclusive Neighborhoodï¿­ 15Ft Wide RoadğŸŸ© Property Featuresâ­•ï¸ 04 bedroomsâ­•ï¸ 03 bathroomsâ­•ï¸ Living areaâ­•ï¸ Dining areaâ­•ï¸ Servant Roomâ­•ï¸ Servant Bathroomâ­•ï¸ Kitchen with PantryğŸŸ© Amen"
https://ikman.lk/en/ad/ati-sukhoopbhoogii-alnkaar-nviintm-suvisl-demhl-nivs-vikinniimtt-for-sale-colombo-210,62500000,boralasgamuwa,4,4,"3,874.0 sqft",8.0 perches,Brand new super house in  werahara boralasgamuwa 120  road  near byLocation/city/Distance800 M to  colombo 120 main road  near by2 KM to piliyandala town .2 km boralasgamuwa townPrice and offerï‚²62.5 M
https://ikman.lk/en/ad/20-perched-house-for-sale-in-homagama-godagama-for-sale-colombo,15500000,,3,1,"1,500.0 sqft",20.0 perches,20 perched land3 bedrooms1 bathroomLarge living and dining areaKitchen with pantryGardenParking spaceVery peaceful residential areaClear deedsWalking distance to highlevel road2-3 minutes drive to hom
https://ikman.lk/en/ad/house-for-sale-in-pahala-bomiriya-kaduwela-for-sale-colombo-4,14950000,Ganewatta Rd Pahala Bomiriya Kaduwela,3,2,"3,500.0 sqft",14.0 perches,â­• à¶´à·„à·… à¶¶à·à¶¸à·’à¶»à·’à¶º à¶šà¶©à·”à·€à·™à¶½ à¶±à·’à·€à·ƒ à·€à·’à¶šà·’à¶«à·“à¶¸à¶§ à¶‡à¶­ â­•=========================================â­• à·ƒà·Šà¶®à·à¶±à¶º - à¶œà¶±à·šà·€à¶­à·Šà¶­ à¶´à·à¶» à¶´à·„à·… à¶¶à·à¶¸à·’à¶»à·’à¶º à¶šà¶©à·”à·€à·™à¶½â­• à¶¸à·’à¶½ à¶œà¶±à¶±à·Š  à¶±à·’à·€à·ƒ à¶´à¶»à·“à¶šà·Šà·‚à·à·€à·™à¶±à·Š à¶´à·ƒà·”à·€ à·ƒà·à¶šà¶ à·Šà¶¡à· à¶šà¶» à¶œà¶­ à·„à·à¶šâ­• à¶´à·Šâ€à¶»à¶°à·à¶± à¶´à·à¶»à¶§ 900m à¶šà·Š à¶´à¶¸à¶« à¶¯
https://ikman.lk/en/ad/newly-house-for-sale-in-kesbewa-for-sale-colombo-33,56000000,,4,4,"3,500.0 sqft",10.0 perches,"*Super Luxury 2-Story House with Rooftop â€“ For Sale in Kesbewa*Architect-designed 3,500 sqft home on 10 perches, located in a quiet residential area. Just 5 mins to Kesbewa Junction, 10 mins to Piliya"
